{"cameraMode":{"drawMode":0,"name":"Shaded","section":"Shading Mode"},"sceneLighting":true,"audioPlay":false,"sceneViewState":{"m_AlwaysRefresh":false,"showFog":true,"showSkybox":true,"showFlares":true,"showImageEffects":true,"showParticleSystems":true,"showVisualEffectGraphs":true,"m_FxEnabled":true},"in2DMode":false,"pivot":{"x":0.2242203950881958,"y":0.017113983631134034,"z":0.15507149696350099},"rotation":{"x":0.03071783296763897,"y":0.9595682621002197,"z":-0.2547522783279419,"w":0.11570414900779724},"size":2.6795032024383547,"orthographic":false}