{"cameraMode":{"drawMode":0,"name":"Shaded","section":"Shading Mode"},"sceneLighting":true,"audioPlay":false,"sceneViewState":{"m_AlwaysRefresh":false,"showFog":true,"showSkybox":true,"showFlares":true,"showImageEffects":true,"showParticleSystems":true,"showVisualEffectGraphs":true,"m_FxEnabled":true},"in2DMode":false,"pivot":{"x":0.0021834373474121095,"y":0.8893492221832275,"z":-0.0066249072551727299},"rotation":{"x":0.00527059193700552,"y":0.991689145565033,"z":-0.12108668684959412,"w":0.04316570982336998},"size":103.3748779296875,"orthographic":false}