{"cameraMode":{"drawMode":0,"name":"Shaded","section":"Shading Mode"},"sceneLighting":false,"audioPlay":false,"sceneViewState":{"m_AlwaysRefresh":false,"showFog":false,"showSkybox":false,"showFlares":false,"showImageEffects":false,"showParticleSystems":false,"showVisualEffectGraphs":true,"m_FxEnabled":true},"in2DMode":false,"pivot":{"x":0.0021834373474121095,"y":0.8893492221832275,"z":-0.0066249072551727299},"rotation":{"x":-0.030867518857121469,"y":0.9683378338813782,"z":-0.15409444272518159,"w":-0.19397316873073579},"size":0.7388721704483032,"orthographic":false}